{"cameraMode":{"drawMode":0,"name":"Shaded","section":"Shading Mode"},"sceneLighting":true,"audioPlay":false,"sceneViewState":{"m_AlwaysRefresh":false,"showFog":false,"showSkybox":true,"showFlares":true,"showImageEffects":true,"showParticleSystems":true,"showVisualEffectGraphs":true,"m_FxEnabled":true},"in2DMode":false,"pivot":{"x":-0.5554413795471191,"y":3.5739266872406008,"z":3.4008774757385256},"rotation":{"x":-0.2463916838169098,"y":0.02034510299563408,"z":-0.005129899829626083,"w":-0.9689813852310181},"size":4.932643890380859,"orthographic":false}