{"cameraMode":{"drawMode":0,"name":"Shaded","section":"Shading Mode"},"sceneLighting":true,"audioPlay":false,"sceneViewState":{"showFog":false,"showMaterialUpdate":false,"showSkybox":true,"showFlares":true,"showImageEffects":true,"showParticleSystems":true},"in2DMode":false,"pivot":{"x":0.0,"y":-1.6000001430511475,"z":3.799999952316284},"rotation":{"x":0.30696702003479006,"y":-0.0025694293435662987,"z":0.0008456063806079328,"w":0.9517332911491394},"size":4.731072902679443,"orthographic":false}