{"cameraMode":{"drawMode":0,"name":"Shaded","section":"Shading Mode"},"sceneLighting":true,"audioPlay":false,"sceneViewState":{"showFog":false,"showMaterialUpdate":false,"showSkybox":true,"showFlares":true,"showImageEffects":true,"showParticleSystems":true},"in2DMode":false,"pivot":{"x":-0.5554413795471191,"y":3.5739266872406008,"z":3.4008774757385256},"rotation":{"x":-0.0866239070892334,"y":0.9066565632820129,"z":-0.34436631202697756,"w":-0.22793389856815339},"size":1.995152235031128,"orthographic":false}