{"cameraMode":{"drawMode":0,"name":"Shaded","section":"Shading Mode"},"sceneLighting":true,"audioPlay":false,"sceneViewState":{"showFog":false,"showMaterialUpdate":false,"showSkybox":true,"showFlares":true,"showImageEffects":true,"showParticleSystems":true},"in2DMode":false,"pivot":{"x":-1.3850231170654297,"y":7.150054931640625,"z":6.363125801086426},"rotation":{"x":-0.31635555624961855,"y":-0.1064281314611435,"z":0.03578765317797661,"w":-0.9420100450515747},"size":1.0533289909362794,"orthographic":false}