{"cameraMode":{"drawMode":0,"name":"Shaded","section":"Shading Mode"},"sceneLighting":true,"audioPlay":false,"sceneViewState":{"showFog":false,"showMaterialUpdate":false,"showSkybox":true,"showFlares":true,"showImageEffects":true,"showParticleSystems":true},"in2DMode":false,"pivot":{"x":0.0,"y":-1.6000001430511475,"z":3.799999952316284},"rotation":{"x":0.1640416383743286,"y":0.05057978630065918,"z":-0.008398691192269326,"w":0.985142707824707},"size":1.989974856376648,"orthographic":false}