{"cameraMode":{"drawMode":0,"name":"Shaded","section":"Shading Mode"},"sceneLighting":true,"audioPlay":false,"sceneViewState":{"showFog":false,"showMaterialUpdate":false,"showSkybox":true,"showFlares":true,"showImageEffects":true,"showParticleSystems":true},"in2DMode":false,"pivot":{"x":0.05533236265182495,"y":-2.792715072631836,"z":7.162267684936523},"rotation":{"x":0.2692748010158539,"y":0.04937990754842758,"z":-0.013804980553686619,"w":0.9617210030555725},"size":4.545104026794434,"orthographic":false}